{"name":"Adocao","identifier":"EBMNEAIB8G","description":"","parentIntentSignature":null,"sampleUtterances":[{"utterance":"Adoção"},{"utterance":"adotar"},{"utterance":"quero adotar um animal"},{"utterance":"adotar um pet"},{"utterance":"Quero adotar um animal de estimação."},{"utterance":"Como faço para adotar um pet?"},{"utterance":"Quais pets estão disponíveis para adoção?"},{"utterance":"Gostaria de ver os animais disponíveis para adoção."},{"utterance":"Tem algum cachorro/gato para adoção?"},{"utterance":"Estou interessado em adotar um cão/gato."},{"utterance":"Quero informações sobre adoção de animais."},{"utterance":"Como funciona o processo de adoção de pets?"},{"utterance":"Tem algum filhote para adoção?"},{"utterance":"Quais são os requisitos para adotar um pet?"}],"intentConfirmationSetting":null,"intentClosingSetting":null,"initialResponseSetting":{"conditional":null,"codeHook":null,"nextStep":{"sessionAttributes":{},"dialogAction":{"type":"ElicitSlot","slotToElicit":"nome","suppressNextMessage":null},"intent":{"name":null,"slots":{}}},"initialResponse":{"messageGroupsList":[{"message":{"ssmlMessage":null,"customPayload":null,"plainTextMessage":{"value":"Vemos que você quer adotar um novo pet. Vamos fazer alguma perguntas para ver qual dos pets melhor se encaixa com seu perfil."},"imageResponseCard":null},"variations":null}],"allowInterrupt":true}},"inputContexts":null,"outputContexts":null,"kendraConfiguration":null,"qnAIntentConfiguration":null,"bedrockAgentIntentConfiguration":null,"qInConnectIntentConfiguration":null,"dialogCodeHook":{"enabled":false},"fulfillmentCodeHook":{"isActive":true,"postFulfillmentStatusSpecification":{"failureResponse":null,"failureNextStep":{"sessionAttributes":{},"dialogAction":{"type":"StartIntent","slotToElicit":null,"suppressNextMessage":null},"intent":{"name":"FallbackIntent","slots":{}}},"successResponse":null,"successNextStep":{"sessionAttributes":{},"dialogAction":{"type":"EndConversation","slotToElicit":null,"suppressNextMessage":null},"intent":{"name":null,"slots":{}}},"timeoutResponse":null,"timeoutNextStep":{"sessionAttributes":{},"dialogAction":{"type":"StartIntent","slotToElicit":null,"suppressNextMessage":null},"intent":{"name":"FallbackIntent","slots":{}}}},"fulfillmentUpdatesSpecification":null,"enabled":true},"slotPriorities":[{"priority":4,"slotName":"telefone"},{"priority":8,"slotName":"tempo"},{"priority":7,"slotName":"alergia"},{"priority":1,"slotName":"idade"},{"priority":0,"slotName":"nome"},{"priority":3,"slotName":"quintal"},{"priority":2,"slotName":"moradia"},{"priority":6,"slotName":"valores"},{"priority":5,"slotName":"tipo"}]}