{"name":"Saudacao","identifier":"NRHXOWLY7M","description":null,"parentIntentSignature":null,"sampleUtterances":[{"utterance":"oi"},{"utterance":"boa tarde"},{"utterance":"bom dia"},{"utterance":"olá"},{"utterance":"Olá!"},{"utterance":"Oi, tudo bem?"},{"utterance":"Bom dia!"},{"utterance":"Boa tarde!"},{"utterance":"Boa noite!"},{"utterance":"Oi, como você está?"},{"utterance":"E aí?"},{"utterance":"Oi, preciso de ajuda."},{"utterance":"Olá, você pode me ajudar?"},{"utterance":"Oi, tudo certo?"},{"utterance":"oi."},{"utterance":"Oi, tudo bem."}],"intentConfirmationSetting":null,"intentClosingSetting":null,"initialResponseSetting":{"conditional":null,"codeHook":{"isActive":false,"invocationLabel":null,"postCodeHookSpecification":{"failureResponse":null,"failureNextStep":{"sessionAttributes":{},"dialogAction":{"type":"EndConversation","slotToElicit":null,"suppressNextMessage":null},"intent":{"name":null,"slots":{}}},"failureConditional":null,"successResponse":null,"successNextStep":{"sessionAttributes":{},"dialogAction":{"type":"EndConversation","slotToElicit":null,"suppressNextMessage":null},"intent":{"name":null,"slots":{}}},"successConditional":null,"timeoutResponse":null,"timeoutNextStep":{"sessionAttributes":{},"dialogAction":{"type":"EndConversation","slotToElicit":null,"suppressNextMessage":null},"intent":{"name":null,"slots":{}}},"timeoutConditional":null},"enableCodeHookInvocation":true},"nextStep":{"sessionAttributes":null,"dialogAction":{"type":"EndConversation","slotToElicit":null,"suppressNextMessage":null},"intent":{"name":null,"slots":{}}},"initialResponse":{"messageGroupsList":[{"message":{"ssmlMessage":null,"customPayload":null,"plainTextMessage":{"value":"Oi sou seu assistente Pet Finder. O que você procura?"},"imageResponseCard":null},"variations":null},{"message":{"ssmlMessage":null,"customPayload":null,"plainTextMessage":null,"imageResponseCard":{"title":"Escolha uma das opções","subtitle":null,"imageUrl":"https://sprint910.s3.us-east-1.amazonaws.com/lex_card_imgs/pets.png","buttonsList":[{"value":"Adoção","text":"Adoção"},{"value":"Animal Perdido","text":"Animal Perdido"}]}},"variations":null}],"allowInterrupt":true}},"inputContexts":null,"outputContexts":null,"kendraConfiguration":null,"qnAIntentConfiguration":null,"bedrockAgentIntentConfiguration":null,"qInConnectIntentConfiguration":null,"dialogCodeHook":null,"fulfillmentCodeHook":null,"slotPriorities":[]}