{"name":"BuscaPetPerdido","identifier":"SEJMNF4XNR","description":null,"parentIntentSignature":null,"sampleUtterances":[{"utterance":"Animal Perdido"},{"utterance":"Perdi meu pet, como posso encontrá-lo?"},{"utterance":"Quero ajuda para encontrar meu animal de estimação perdido."},{"utterance":"Como posso procurar meu cachorro/gato perdido?"},{"utterance":"Quais são os passos para buscar um pet desaparecido?"},{"utterance":"Preciso de ajuda para encontrar meu gato/cachorro."},{"utterance":"Meu pet sumiu, o que devo fazer?"},{"utterance":"Vocês têm informações sobre pets perdidos?"},{"utterance":"Como posso relatar um pet desaparecido?"},{"utterance":"Onde posso procurar por um animal de estimação perdido?"},{"utterance":"Tem algum serviço para localizar pets desaparecidos?"}],"intentConfirmationSetting":null,"intentClosingSetting":null,"initialResponseSetting":{"conditional":null,"codeHook":null,"nextStep":{"sessionAttributes":{},"dialogAction":{"type":"ElicitSlot","slotToElicit":"fistname","suppressNextMessage":null},"intent":{"name":null,"slots":{}}},"initialResponse":null},"inputContexts":null,"outputContexts":null,"kendraConfiguration":null,"qnAIntentConfiguration":null,"bedrockAgentIntentConfiguration":null,"qInConnectIntentConfiguration":null,"dialogCodeHook":{"enabled":false},"fulfillmentCodeHook":null,"slotPriorities":[{"priority":1,"slotName":"nomedopet"},{"priority":0,"slotName":"fistname"},{"priority":4,"slotName":"numerotelefone"},{"priority":3,"slotName":"local"},{"priority":2,"slotName":"data"}]}